,index,Filename,Date,JDate,Days,Julian,TTR,WordCount,UniqueWords,UniqueStems,MLU,Fillers,NSNouns,LIVerbs,$,",",.,:,CC,CD,DT,EX,IN,JJ,JJR,JJS,MD,NN,NNP,NNPS,NNS,PRP,PRP$,RB,RBS,RP,TO,UH,VB,VBD,VBG,VBN,VBP,VBZ,WDT,WP,WRB,PDT,POS,RBR,'',``,WP$,FW,Segment,WC,Analytic,Clout,Authentic,Tone,WPS,Sixltr,Dic,function,pronoun,ppron,i,we,you,shehe,they,ipron,article,prep,auxverb,adverb,conj,negate,verb,adj,compare,interrog,number,quant,affect,posemo,negemo,anx,anger,sad,social,family,friend,female,male,cogproc,insight,cause,discrep,tentat,certain,differ,percept,see,hear,feel,bio,body,health,sexual,ingest,drives,affiliation,achieve,power,reward,risk,focuspast,focuspresent,focusfuture,relativ,motion,space,time,work,leisure,home,money,relig,death,informal,swear,netspeak,assent,nonflu,filler,AllPunc,Period,Comma,Colon,SemiC,QMark,Exclam,Dash,Quote,Apostro,Parenth,OtherP,Nouns,Nouns/100,NounsNormalised,Adjectives,Adjectives/100,AdjectivesNormalised,Adverbs,Adverbs/100,AdverbsNormalised,Verbs,Verbs/100,VerbsNormalised,Pronouns,PronounsNormalised,UniqueWordsNormalised,UniqueStemsNormalised
0,0,Trump - Speech1 - Edited.txt,27/01/2017,2017-01-27,0,2457780.5,0.2754374594944913,1543.0,425.0,374.0,17.5,6.0,8.0,70.0,1.0,107.0,100.0,0.0,83.0,4.0,129.0,1.0,153.0,89.0,0.0,1.0,39.0,128.0,85.0,3.0,55.0,203.0,20.0,119.0,0.0,8.0,39.0,1.0,85.0,44.0,52.0,20.0,106.0,35.0,8.0,11.0,14.0,2.0,3.0,2.0,0.0,0.0,0.0,0.0,1,1453,20.23,79.93,54.51,83.33,14.53,15.55,91.81,62.08,21.4,14.11,5.99,3.72,2.55,0.89,0.96,7.3,6.33,11.63,12.8,5.99,8.33,2.06,23.68,4.4,1.45,1.86,0.55,2.41,5.51,4.27,1.03,0.07,0.07,0.21,14.11,0.14,0.07,0.07,0.89,12.04,3.1,1.31,1.45,2.34,1.38,3.92,1.86,0.69,0.76,0.34,0.28,0.0,0.14,0.0,0.07,11.22,5.44,1.58,2.27,1.93,0.76,3.99,15.07,3.44,11.01,2.48,5.64,3.1,2.13,0.07,0.07,0.62,0.21,0.0,0.69,0.0,0.0,0.41,0.28,0.0,19.13,6.61,7.36,0.0,0.0,0.28,0.0,0.0,0.0,4.54,0.0,0.34,271.0,2.71,0.17563188593648738,90.0,0.9,0.05832793259883344,121.0,1.21,0.07841866493843162,342.0,3.42,0.22164614387556708,223.0,0.14452365521710953,0.28679381072328175,0.2428931270241094
1,1,Trump - Speech2 - Edited.txt,10/02/2017,2017-02-10,14,2457794.5,0.312724658519051,1391.0,435.0,388.0,16.020408163265305,10.0,1.0,62.0,0.0,79.0,98.0,3.0,67.0,1.0,107.0,1.0,136.0,98.0,4.0,3.0,48.0,149.0,96.0,5.0,44.0,142.0,25.0,115.0,0.0,2.0,44.0,2.0,87.0,27.0,43.0,17.0,75.0,24.0,9.0,8.0,7.0,0.0,1.0,1.0,1.0,1.0,0.0,0.0,1,1333,28.55,90.27,48.53,96.57,13.6,14.55,91.82,59.34,17.7,11.4,3.38,5.93,1.65,0.23,0.23,6.3,5.78,11.93,12.83,7.28,7.95,0.83,22.36,5.1,1.88,1.58,0.15,3.08,6.45,5.7,0.75,0.23,0.08,0.23,11.48,0.08,0.0,0.08,0.23,10.43,2.7,2.03,0.9,2.1,1.73,1.88,1.43,0.53,0.3,0.6,0.68,0.08,0.38,0.0,0.15,14.1,6.83,1.95,3.15,2.18,0.9,3.53,14.18,4.73,13.95,2.4,6.6,5.48,3.75,0.15,0.08,1.35,0.45,0.0,0.68,0.0,0.0,0.23,0.45,0.0,17.55,7.35,5.93,0.15,0.08,0.15,0.0,0.45,0.15,3.3,0.0,0.0,294.0,2.94,0.2113587347232207,105.0,1.05,0.07548526240115025,116.0,1.16,0.08339324227174695,273.0,2.73,0.19626168224299065,167.0,0.12005751258087707,0.2571667130531589,0.21486223211800723
2,2,Trump - Speech3 - Edited.txt,13/02/2017,2017-02-13,17,2457797.5,0.3548046462513199,947.0,336.0,309.0,15.955223880597014,8.0,1.0,40.0,0.0,55.0,67.0,2.0,41.0,1.0,75.0,1.0,97.0,68.0,3.0,0.0,16.0,88.0,49.0,6.0,52.0,108.0,12.0,84.0,0.0,3.0,30.0,0.0,49.0,16.0,31.0,8.0,62.0,21.0,8.0,3.0,8.0,0.0,0.0,4.0,0.0,0.0,0.0,1.0,1,896,35.59,93.11,29.37,98.11,13.37,15.18,92.08,58.15,18.42,10.94,1.9,6.7,1.45,0.0,0.89,7.48,5.13,13.17,10.71,7.37,6.47,1.45,20.98,5.58,2.01,1.45,0.78,4.02,8.82,7.03,1.56,0.11,0.0,0.11,13.06,0.11,0.0,0.33,0.22,12.72,1.9,1.67,1.9,2.57,2.01,3.01,1.23,0.67,0.22,0.0,0.22,0.0,0.0,0.0,0.11,14.29,7.7,1.45,2.23,2.12,1.34,2.34,14.29,3.35,12.83,3.24,7.37,2.57,2.01,0.33,0.22,1.23,0.22,0.0,1.23,0.0,0.0,0.45,0.78,0.0,17.86,7.48,6.14,0.0,0.22,0.0,0.0,0.11,0.0,3.91,0.0,0.0,195.0,1.95,0.20591341077085534,71.0,0.71,0.07497360084477296,88.0,0.88,0.09292502639915523,187.0,1.87,0.19746568109820486,120.0,0.12671594508975711,0.27158071748878926,0.2312219730941704
3,3,Trump - Speech4 - Edited.txt,15/02/2017,2017-02-15,19,2457799.5,0.3190243902439024,1025.0,327.0,302.0,14.134146341463415,6.0,7.0,38.0,0.0,52.0,82.0,2.0,43.0,12.0,87.0,4.0,88.0,73.0,6.0,2.0,24.0,90.0,47.0,5.0,23.0,128.0,3.0,86.0,0.0,4.0,46.0,0.0,72.0,16.0,25.0,22.0,76.0,27.0,8.0,5.0,0.0,0.0,1.0,0.0,0.0,0.0,0.0,0.0,1,960,28.86,63.85,47.5,98.78,11.71,12.71,90.94,60.21,18.85,11.04,5.21,1.98,1.98,0.42,1.46,7.81,6.46,12.6,13.33,6.56,7.71,1.35,24.58,6.04,2.81,0.62,1.77,2.6,8.23,6.98,1.15,0.1,0.21,0.21,9.58,0.31,0.1,0.1,0.73,12.71,3.65,1.46,1.77,3.44,0.52,3.44,2.92,1.88,0.52,0.52,0.42,0.0,0.1,0.0,0.0,7.71,2.6,0.94,2.6,1.98,0.42,3.65,16.98,2.81,10.52,1.88,5.73,3.02,1.15,0.31,0.21,0.0,0.21,0.0,0.42,0.0,0.0,0.31,0.1,0.0,20.52,7.92,5.42,0.0,0.21,0.62,0.0,0.62,0.0,5.52,0.0,0.21,165.0,1.65,0.16097560975609757,81.0,0.81,0.07902439024390244,86.0,0.86,0.08390243902439025,238.0,2.38,0.23219512195121952,131.0,0.1278048780487805,0.2639040348964013,0.22055616139585604
4,4,Trump - Speech5 - Edited.txt,16/02/2017,2017-02-16,20,2457800.5,0.1429680567879325,9016.0,1289.0,1024.0,12.963054187192116,47.0,48.0,410.0,0.0,687.0,812.0,22.0,345.0,46.0,786.0,11.0,761.0,556.0,27.0,18.0,149.0,850.0,518.0,9.0,241.0,1261.0,62.0,741.0,4.0,47.0,226.0,37.0,474.0,420.0,205.0,143.0,567.0,283.0,51.0,61.0,51.0,8.0,8.0,8.0,15.0,13.0,0.0,3.0,1,8327,17.89,72.38,48.59,69.46,10.27,12.27,91.8,61.16,21.68,13.44,5.85,1.78,2.49,2.15,1.18,8.24,6.23,10.77,13.01,6.41,6.88,2.85,24.2,4.6,2.01,1.5,0.73,2.15,5.92,4.06,1.74,0.11,0.4,0.16,14.31,0.08,0.17,0.46,2.01,13.35,3.3,1.38,1.59,2.59,1.87,3.9,3.11,1.14,1.61,0.35,0.32,0.04,0.18,0.0,0.02,8.26,2.22,1.31,2.49,2.03,0.88,5.51,15.89,2.08,11.47,1.99,5.44,4.01,1.89,0.19,0.14,0.17,0.05,0.04,1.26,0.04,0.02,0.78,0.41,0.0,24.28,9.02,8.25,0.12,0.14,0.77,0.0,0.11,0.34,5.42,0.0,0.12,1618.0,16.18,0.17945874001774623,601.0,6.01,0.06665927240461401,753.0,7.53,0.08351818988464951,2092.0,20.92,0.23203194321206744,1323.0,0.14673913043478262,0.2509773260359656,0.21553296846494657
5,5,Trump - Speech6 - Edited.txt,17/03/2017,2017-03-17,49,2457829.5,0.3076923076923077,1274.0,392.0,344.0,14.294117647058824,8.0,7.0,73.0,1.0,82.0,102.0,8.0,54.0,7.0,114.0,1.0,97.0,76.0,8.0,5.0,27.0,126.0,46.0,7.0,51.0,154.0,9.0,136.0,0.0,4.0,35.0,2.0,62.0,19.0,33.0,24.0,90.0,43.0,8.0,3.0,7.0,0.0,0.0,0.0,9.0,7.0,0.0,1.0,1,1185,25.01,80.76,46.71,96.36,11.62,14.6,91.56,61.6,17.89,11.39,4.05,4.14,2.53,0.0,0.68,6.5,7.76,10.55,13.92,8.44,6.24,2.19,23.04,5.49,2.45,0.93,1.01,3.38,7.51,6.16,1.27,0.08,0.08,0.51,11.98,0.0,0.08,0.17,0.0,12.07,2.03,0.68,1.35,3.29,2.11,3.63,1.6,0.84,0.68,0.08,0.34,0.0,0.25,0.08,0.0,11.39,5.32,1.43,3.46,1.77,0.84,3.12,16.79,3.97,12.15,2.78,5.82,3.88,3.97,0.42,0.08,1.6,0.0,0.0,1.52,0.08,0.34,0.51,0.59,0.0,22.53,8.35,6.92,0.0,0.68,0.25,0.0,0.08,1.35,4.89,0.0,0.0,230.0,2.3,0.18053375196232338,89.0,0.89,0.06985871271585557,136.0,1.36,0.10675039246467818,271.0,2.71,0.21271585557299844,163.0,0.12794348508634223,0.24605433376455368,0.2056921086675291
6,6,Trump - Speech7 - Edited.txt,05/04/2017,2017-04-05,68,2457848.5,0.3408119658119658,936.0,319.0,277.0,14.236842105263158,2.0,4.0,46.0,0.0,70.0,76.0,0.0,47.0,10.0,79.0,3.0,78.0,64.0,4.0,2.0,25.0,88.0,50.0,2.0,29.0,127.0,6.0,61.0,0.0,3.0,21.0,1.0,51.0,30.0,26.0,24.0,58.0,26.0,5.0,7.0,9.0,0.0,0.0,0.0,0.0,0.0,0.0,0.0,1,892,14.14,65.69,61.54,37.68,11.74,11.88,91.48,61.55,20.74,12.0,6.17,1.79,3.03,0.22,0.78,8.74,6.5,9.3,15.13,5.94,8.18,1.79,24.22,4.6,2.58,2.35,1.35,3.14,7.29,3.92,3.25,0.78,1.23,0.22,10.76,0.34,0.0,0.0,0.22,10.65,1.68,1.79,1.01,1.91,1.68,3.59,3.7,1.12,1.68,0.9,0.22,0.0,0.0,0.0,0.0,7.96,2.35,1.12,3.14,0.9,1.01,6.05,14.24,3.25,12.56,1.46,6.5,4.93,1.91,0.0,0.11,0.34,0.0,0.22,0.67,0.0,0.0,0.34,0.34,0.0,20.52,7.96,7.85,0.0,0.0,0.56,0.0,0.11,0.0,4.04,0.0,0.0,169.0,1.69,0.18055555555555555,70.0,0.7,0.07478632478632478,61.0,0.61,0.06517094017094018,215.0,2.15,0.2297008547008547,133.0,0.1420940170940171,0.27155053704213716,0.2299641971908565
7,7,Trump - Speech8 - Edited.txt,12/04/2017,2017-04-12,75,2457855.5,0.3093065693430657,1096.0,339.0,301.0,13.147368421052631,4.0,4.0,55.0,0.0,57.0,95.0,5.0,40.0,3.0,84.0,5.0,106.0,65.0,2.0,2.0,42.0,89.0,65.0,0.0,26.0,145.0,2.0,94.0,1.0,5.0,30.0,0.0,79.0,37.0,31.0,18.0,55.0,45.0,7.0,6.0,4.0,1.0,0.0,2.0,0.0,0.0,0.0,1.0,1,1012,15.97,75.55,51.63,61.37,10.65,10.77,94.57,62.15,20.55,11.46,4.55,3.46,1.88,0.79,0.79,9.09,5.63,11.36,14.92,7.91,6.32,2.17,27.67,3.26,1.28,1.38,0.3,2.47,6.42,4.15,2.27,0.49,0.3,0.49,11.96,0.2,0.0,0.0,1.09,14.82,3.36,1.09,3.26,3.66,1.68,3.66,2.96,1.78,0.99,0.2,0.4,0.1,0.2,0.0,0.0,9.88,4.35,1.38,2.17,1.88,1.09,5.04,18.28,4.84,13.74,2.67,6.82,4.64,1.19,0.0,0.1,0.69,0.0,0.4,0.89,0.0,0.0,0.3,0.59,0.0,21.15,8.99,5.63,0.1,0.4,0.4,0.0,0.1,0.0,5.53,0.0,0.0,180.0,1.8,0.16423357664233576,69.0,0.69,0.06295620437956205,97.0,0.97,0.0885036496350365,265.0,2.65,0.2417883211678832,147.0,0.13412408759124086,0.2835348301669545,0.24467472654001152
8,8,Trump - Speech9 - Edited.txt,20/04/2017,2017-04-20,83,2457863.5,0.3228271251193887,1047.0,338.0,294.0,12.141414141414142,3.0,6.0,49.0,0.0,56.0,99.0,1.0,48.0,10.0,98.0,5.0,93.0,62.0,4.0,0.0,24.0,95.0,49.0,3.0,22.0,135.0,9.0,99.0,0.0,3.0,28.0,3.0,51.0,19.0,32.0,26.0,72.0,39.0,6.0,8.0,1.0,0.0,1.0,1.0,0.0,0.0,0.0,0.0,1,991,20.69,72.75,49.25,93.55,10.01,12.11,93.24,62.16,20.18,11.3,4.44,4.14,1.51,0.71,0.5,8.88,6.66,11.3,13.32,7.47,7.37,2.02,24.82,4.44,2.52,1.31,1.51,3.03,6.36,5.25,0.91,0.2,0.1,0.0,11.1,0.0,0.0,0.0,0.71,12.31,2.83,1.11,1.01,3.33,1.72,4.24,3.13,1.61,1.11,0.4,0.61,0.1,0.4,0.0,0.0,11.81,4.34,2.02,3.03,3.03,0.4,3.63,17.96,2.83,11.1,1.21,6.36,4.24,2.02,0.1,0.1,0.3,0.4,0.0,0.81,0.0,0.0,0.5,0.3,0.0,21.9,9.69,5.65,0.0,0.1,0.3,0.0,0.61,0.0,5.35,0.0,0.2,169.0,1.69,0.16141356255969436,66.0,0.66,0.06303724928366762,100.0,1.0,0.09551098376313276,239.0,2.39,0.2282712511938873,144.0,0.13753581661891118,0.23955296404275997,0.20262390670553937
9,9,Trump - Speech10 - Edited.txt,18/05/2017,2017-05-18,111,2457891.5,0.3082865168539326,1424.0,439.0,382.0,13.705882352941176,16.0,6.0,64.0,0.0,86.0,119.0,6.0,58.0,0.0,122.0,9.0,134.0,99.0,1.0,3.0,20.0,145.0,76.0,3.0,53.0,154.0,11.0,114.0,0.0,4.0,50.0,1.0,69.0,35.0,39.0,20.0,99.0,56.0,15.0,16.0,11.0,0.0,0.0,1.0,1.0,1.0,0.0,0.0,1,1338,22.47,82.68,38.24,81.11,11.24,17.94,91.85,60.91,19.43,11.06,3.66,3.59,2.99,0.3,0.52,8.37,6.28,11.73,12.63,8.0,7.77,1.72,23.84,4.63,1.49,2.39,0.37,2.17,7.03,5.01,1.94,0.0,0.3,0.07,11.29,0.0,0.0,0.07,0.3,12.11,2.54,1.64,2.02,2.17,1.64,3.06,2.47,1.42,0.82,0.07,0.6,0.07,0.3,0.0,0.22,9.94,3.89,1.42,3.21,1.57,0.37,4.11,16.82,2.24,12.26,2.69,6.58,3.59,3.29,0.07,0.07,0.97,0.0,0.15,0.45,0.0,0.0,0.07,0.37,0.0,21.15,8.74,6.43,0.15,0.3,0.3,0.0,0.22,0.15,4.71,0.0,0.15,277.0,2.77,0.19452247191011235,103.0,1.03,0.0723314606741573,115.0,1.15,0.08075842696629214,318.0,3.18,0.22331460674157302,165.0,0.11587078651685394,0.2488062327217894,0.20985172153807488
10,10,Trump - Speech11 - Edited.txt,09/06/2017,2017-06-09,133,2457913.5,0.3526522593320236,1018.0,359.0,318.0,11.19626168224299,3.0,2.0,47.0,0.0,72.0,107.0,5.0,46.0,8.0,94.0,4.0,76.0,57.0,3.0,0.0,22.0,99.0,60.0,5.0,28.0,122.0,7.0,104.0,0.0,1.0,31.0,7.0,64.0,30.0,27.0,17.0,64.0,18.0,3.0,12.0,4.0,1.0,0.0,0.0,0.0,0.0,0.0,0.0,1,962,16.63,82.79,30.76,89.84,8.99,13.41,92.62,59.77,19.75,12.37,4.37,3.12,3.22,0.83,0.83,7.38,5.93,9.67,12.27,8.32,6.55,3.22,22.35,3.95,1.04,1.66,1.14,2.49,6.76,5.3,1.46,0.1,0.42,0.42,15.07,0.0,0.31,0.0,1.35,14.97,2.39,1.35,2.7,2.7,2.81,4.37,2.49,0.52,1.66,0.21,0.31,0.1,0.0,0.0,0.0,9.67,4.16,1.46,3.43,1.04,0.52,5.2,14.86,1.77,10.4,1.87,4.57,4.37,2.39,0.21,0.21,2.29,0.0,0.1,1.87,0.0,0.1,0.73,1.14,0.0,23.8,9.56,7.48,0.21,0.31,1.46,0.1,0.21,0.0,4.47,0.0,0.0,192.0,1.92,0.18860510805500982,60.0,0.6,0.05893909626719057,104.0,1.04,0.10216110019646366,220.0,2.2,0.21611001964636542,129.0,0.12671905697445973,0.2575019235701462,0.21697871249038214
11,11,Trump - Speech12 - Edited.txt,13/07/2017,2017-07-13,167,2457947.5,0.3430051813471502,965.0,331.0,299.0,13.25,1.0,4.0,36.0,0.0,63.0,84.0,2.0,41.0,11.0,117.0,0.0,99.0,65.0,1.0,3.0,20.0,115.0,44.0,0.0,27.0,101.0,6.0,83.0,2.0,1.0,15.0,3.0,39.0,37.0,18.0,17.0,49.0,29.0,12.0,6.0,1.0,0.0,0.0,0.0,1.0,1.0,0.0,0.0,1,925,40.17,80.03,36.43,93.46,11.01,13.3,94.16,59.46,18.16,10.16,3.57,2.16,2.27,1.62,0.54,8.0,9.3,10.81,11.68,6.49,6.7,1.51,20.76,5.73,1.41,0.76,2.16,2.59,6.38,5.19,0.86,0.0,0.11,0.0,12.43,0.32,0.0,0.54,1.73,11.24,2.59,0.97,1.08,4.0,0.86,3.35,2.81,1.3,0.65,0.86,0.22,0.0,0.11,0.0,0.11,10.59,2.49,1.41,3.46,2.7,0.97,4.54,12.97,2.81,12.11,2.27,5.41,5.08,4.54,0.0,0.11,0.32,0.0,0.32,0.76,0.0,0.0,0.43,0.32,0.0,21.62,9.19,6.81,0.11,0.11,0.22,0.0,0.76,0.22,4.22,0.0,0.0,186.0,1.86,0.1927461139896373,69.0,0.69,0.07150259067357513,85.0,0.85,0.08808290155440414,189.0,1.89,0.19585492227979276,107.0,0.11088082901554404,0.2570056044835869,0.2201761409127302
12,12,Trump - Speech13 - Edited.txt,25/07/2017,2017-07-25,179,2457959.5,0.3627992633517495,1086.0,394.0,355.0,13.955056179775282,3.0,3.0,59.0,0.0,66.0,89.0,5.0,43.0,17.0,95.0,0.0,108.0,66.0,2.0,0.0,22.0,91.0,74.0,4.0,40.0,133.0,6.0,83.0,0.0,6.0,32.0,1.0,58.0,32.0,25.0,18.0,64.0,34.0,10.0,13.0,4.0,0.0,0.0,1.0,0.0,0.0,0.0,0.0,1,1038,33.84,77.96,42.37,67.64,11.66,13.97,90.27,59.83,19.56,11.56,3.85,2.6,2.89,1.16,1.06,8.0,6.45,12.33,12.72,5.78,5.78,1.73,23.6,4.72,1.45,2.12,1.73,1.73,6.36,4.24,2.02,0.29,0.29,0.67,11.56,0.0,0.0,0.0,1.16,11.27,2.02,1.54,1.25,2.6,1.16,3.76,2.02,0.96,0.77,0.29,0.67,0.0,0.67,0.0,0.0,8.77,2.89,1.06,2.7,1.83,0.87,4.91,15.41,2.22,12.62,1.73,6.84,4.05,1.54,0.0,0.1,0.1,0.1,0.1,0.67,0.0,0.1,0.39,0.19,0.0,19.56,8.48,6.36,0.1,0.39,0.39,0.0,0.0,0.0,3.66,0.0,0.19,209.0,2.09,0.19244935543278086,68.0,0.68,0.06261510128913444,84.0,0.84,0.07734806629834254,231.0,2.31,0.212707182320442,139.0,0.1279926335174954,0.2505347593582888,0.20935828877005347
13,13,Trump - Speech14 - Edited.txt,28/08/2017,2017-08-28,213,2457993.5,0.2678649715037264,2281.0,611.0,520.0,14.331521739130435,9.0,8.0,88.0,0.0,169.0,184.0,4.0,88.0,35.0,207.0,1.0,244.0,151.0,5.0,7.0,58.0,219.0,173.0,5.0,74.0,254.0,18.0,182.0,0.0,3.0,47.0,7.0,101.0,63.0,45.0,48.0,123.0,78.0,10.0,15.0,9.0,1.0,1.0,0.0,4.0,4.0,0.0,0.0,1,2163,42.8,81.26,31.31,79.01,11.76,16.78,87.93,57.79,17.38,10.36,3.24,2.64,2.68,0.88,0.92,7.03,7.86,12.16,11.93,6.61,6.61,0.97,20.39,5.18,2.36,1.2,1.94,2.59,5.64,4.25,1.34,0.23,0.37,0.18,11.05,0.05,0.09,0.09,0.83,12.39,3.01,0.74,2.68,3.05,1.66,3.28,1.66,0.46,0.92,0.23,0.69,0.0,0.51,0.0,0.05,9.94,3.56,0.74,3.14,1.94,1.06,3.7,13.18,3.28,12.11,2.27,6.24,3.98,1.94,0.05,0.0,1.25,0.0,0.09,1.02,0.0,0.0,0.69,0.32,0.0,21.08,7.91,7.81,0.14,0.05,0.65,0.0,0.23,0.37,3.79,0.0,0.14,471.0,4.71,0.20648838228846997,163.0,1.63,0.07145988601490574,182.0,1.82,0.0797895659798334,458.0,4.58,0.20078912757562473,272.0,0.1192459447610697,0.2594534915815622,0.21887938172784985
14,14,Trump - Speech15 - Edited.txt,07/09/2017,2017-09-07,223,2458003.5,0.3397027600849256,942.0,320.0,278.0,12.823529411764708,1.0,6.0,55.0,0.0,63.0,85.0,1.0,36.0,4.0,81.0,3.0,93.0,53.0,1.0,3.0,33.0,78.0,65.0,2.0,28.0,117.0,6.0,75.0,1.0,2.0,22.0,5.0,68.0,11.0,20.0,20.0,65.0,32.0,4.0,8.0,2.0,0.0,1.0,2.0,0.0,0.0,0.0,0.0,1,899,30.08,81.92,50.16,75.34,10.58,16.02,92.44,60.51,19.13,11.46,4.12,4.0,2.45,0.11,0.78,7.68,7.56,11.12,14.68,4.89,6.34,1.89,24.58,5.23,2.34,1.11,0.78,1.89,6.56,4.45,1.78,0.67,0.44,0.11,12.35,0.0,0.11,0.0,0.33,15.35,4.23,1.22,3.34,3.78,2.34,3.67,2.11,1.22,0.78,0.11,0.0,0.0,0.0,0.0,0.0,12.57,5.23,2.78,3.0,2.11,1.0,3.67,17.13,2.45,12.46,2.11,5.34,5.23,1.78,0.0,0.11,0.78,0.0,0.22,1.45,0.0,0.22,0.78,0.44,0.0,21.13,9.23,7.01,0.0,0.11,0.67,0.0,0.0,0.0,3.89,0.0,0.22,173.0,1.73,0.18365180467091294,57.0,0.57,0.06050955414012739,78.0,0.78,0.08280254777070063,216.0,2.16,0.22929936305732485,123.0,0.1305732484076433,0.2573898494143893,0.21751254880089235
15,15,Trump - Speech16 - Edited.txt,26/09/2017,2017-09-26,242,2458022.5,0.3110084680523479,1299.0,404.0,355.0,14.18095238095238,9.0,2.0,40.0,0.0,84.0,105.0,2.0,60.0,12.0,105.0,0.0,134.0,94.0,2.0,1.0,27.0,118.0,88.0,2.0,43.0,149.0,25.0,104.0,1.0,4.0,26.0,2.0,56.0,36.0,36.0,42.0,78.0,40.0,7.0,2.0,3.0,0.0,0.0,1.0,0.0,0.0,0.0,0.0,1,1221,29.07,85.09,27.23,70.47,11.63,14.91,89.03,58.8,18.26,11.71,3.52,4.26,1.72,0.57,1.64,6.55,6.88,11.38,13.1,5.98,8.03,1.56,21.62,5.16,2.21,0.49,1.72,1.97,6.88,4.5,2.13,0.25,0.33,0.57,12.78,0.16,0.0,0.0,0.57,10.57,2.38,0.82,1.8,1.64,1.88,3.28,1.97,0.82,1.06,0.08,1.47,0.66,0.33,0.08,0.41,11.71,4.67,0.98,3.52,2.13,0.57,5.49,13.1,1.15,10.57,0.98,6.14,3.69,2.7,0.33,0.25,0.08,0.0,0.08,0.74,0.0,0.0,0.33,0.41,0.0,20.97,8.6,6.88,0.08,0.08,0.25,0.0,0.0,0.0,5.08,0.0,0.0,251.0,2.51,0.19322555812163203,97.0,0.97,0.07467282525019246,106.0,1.06,0.08160123171670516,288.0,2.88,0.22170900692840648,174.0,0.13394919168591224,0.2627262443438914,0.22483031674208145
16,16,Trump - Speech17 - Edited.txt,16/10/2017,2017-10-16,262,2458042.5,0.1986317527718801,4239.0,842.0,700.0,14.01139601139601,31.0,16.0,237.0,2.0,325.0,351.0,8.0,151.0,59.0,358.0,6.0,397.0,238.0,8.0,10.0,68.0,435.0,204.0,15.0,153.0,545.0,29.0,365.0,0.0,13.0,138.0,14.0,216.0,80.0,131.0,71.0,329.0,135.0,10.0,25.0,21.0,1.0,4.0,3.0,0.0,0.0,0.0,0.0,1,3951,28.86,78.74,53.42,75.94,11.26,13.31,91.6,60.87,18.78,12.05,3.92,3.54,2.15,0.91,1.52,6.71,6.4,12.71,13.64,6.71,6.83,1.9,24.37,4.45,1.8,1.21,1.85,2.48,5.11,3.85,1.14,0.05,0.25,0.25,12.07,0.05,0.1,0.23,0.78,11.52,2.13,1.01,1.9,2.68,1.29,3.95,1.77,1.06,0.53,0.18,1.04,0.2,0.63,0.03,0.2,10.58,4.07,1.7,3.09,1.97,0.46,3.59,17.44,3.19,14.33,2.76,7.14,4.58,2.38,0.25,0.05,1.06,0.05,0.03,1.32,0.03,0.0,0.53,0.76,0.0,22.75,8.76,8.23,0.08,0.13,0.18,0.0,0.15,0.0,5.14,0.0,0.1,807.0,8.07,0.19037508846426043,256.0,2.56,0.06039160179287568,368.0,3.68,0.0868129275772588,962.0,9.62,0.22694031611229062,574.0,0.13540929464496343,0.2518775274407857,0.21663778162911612
17,17,Trump - Speech18 - Edited.txt,17/10/2017,2017-10-17,263,2458043.5,0.2924281984334204,1532.0,448.0,404.0,15.49557522123894,7.0,0.0,73.0,0.0,105.0,113.0,1.0,68.0,13.0,151.0,2.0,160.0,104.0,9.0,1.0,31.0,152.0,72.0,12.0,76.0,177.0,12.0,119.0,1.0,7.0,40.0,3.0,61.0,19.0,48.0,24.0,113.0,42.0,3.0,5.0,5.0,1.0,0.0,0.0,0.0,0.0,1.0,0.0,1,1454,44.66,83.74,47.55,98.43,12.87,15.61,90.92,57.91,16.09,10.11,2.68,3.78,1.51,0.14,1.99,5.98,7.91,12.24,12.38,6.05,7.29,1.17,22.01,5.02,1.99,0.83,1.31,3.09,7.02,6.26,0.62,0.07,0.0,0.07,11.21,0.0,0.28,0.0,0.14,11.14,2.96,1.99,0.96,2.34,1.72,2.82,2.2,1.17,0.55,0.48,0.48,0.07,0.28,0.07,0.0,13.2,4.4,2.2,3.92,3.37,0.34,2.96,15.27,3.65,13.27,2.34,7.7,3.78,2.54,0.14,0.21,1.72,0.21,0.21,0.89,0.0,0.0,0.62,0.28,0.0,20.22,7.63,7.22,0.07,0.0,0.28,0.0,0.34,0.0,4.61,0.0,0.07,312.0,3.12,0.20365535248041775,114.0,1.14,0.07441253263707572,120.0,1.2,0.0783289817232376,307.0,3.07,0.2003916449086162,189.0,0.12336814621409922,0.2577951002227171,0.21603563474387527
18,18,Trump - Speech19 - Edited.txt,06/11/2017,2017-11-06,283,2458063.5,0.3250401284109149,1246.0,405.0,350.0,19.013513513513512,1.0,5.0,49.0,2.0,87.0,74.0,3.0,53.0,10.0,114.0,0.0,135.0,87.0,4.0,5.0,33.0,122.0,44.0,8.0,50.0,144.0,13.0,103.0,0.0,6.0,23.0,1.0,62.0,23.0,21.0,31.0,72.0,50.0,8.0,5.0,7.0,1.0,1.0,2.0,1.0,2.0,0.0,0.0,1,1179,25.24,78.74,34.81,54.51,15.93,15.69,91.18,61.83,19.17,9.75,2.71,2.54,2.37,0.93,1.19,9.41,6.87,11.79,13.57,6.7,8.4,1.1,21.63,5.43,3.14,1.36,1.7,3.31,5.09,3.22,1.7,0.08,0.17,0.51,11.45,0.08,0.17,0.0,1.02,13.06,2.12,1.1,2.63,3.65,0.93,4.58,1.95,1.19,0.76,0.0,0.34,0.0,0.34,0.0,0.0,7.8,2.97,1.27,2.37,1.36,0.68,4.33,14.76,2.21,12.81,1.95,6.53,4.5,2.21,0.0,0.0,1.44,0.25,0.08,0.25,0.0,0.0,0.0,0.25,0.0,18.49,6.19,7.38,0.0,0.25,0.08,0.0,0.42,0.17,3.82,0.0,0.17,224.0,2.24,0.1797752808988764,96.0,0.96,0.07704654895666131,105.0,1.05,0.08426966292134831,259.0,2.59,0.20786516853932585,157.0,0.1260032102728732,0.273678094131319,0.22922719349215573
19,19,Trump - Speech20 - Edited.txt,07/11/2017,2017-11-07,284,2458064.5,0.3350676378772112,961.0,322.0,290.0,16.191176470588236,2.0,1.0,50.0,0.0,70.0,68.0,3.0,39.0,5.0,92.0,4.0,93.0,45.0,2.0,7.0,26.0,95.0,55.0,1.0,24.0,123.0,7.0,69.0,0.0,6.0,25.0,2.0,59.0,17.0,24.0,21.0,64.0,32.0,9.0,9.0,2.0,0.0,2.0,1.0,0.0,0.0,0.0,0.0,1,908,21.62,77.97,40.08,93.97,13.16,12.33,92.29,61.67,21.37,12.33,3.74,4.19,2.53,0.66,1.21,9.03,6.39,11.23,13.33,5.62,6.94,2.31,24.34,3.52,1.98,1.98,0.99,3.08,5.84,5.07,0.66,0.0,0.0,0.0,12.11,0.0,0.0,0.0,0.88,16.08,3.96,1.43,3.19,4.19,1.21,5.07,2.09,0.55,0.77,0.33,0.22,0.11,0.0,0.11,0.0,10.35,4.74,0.55,2.75,1.65,0.88,3.85,16.96,2.64,10.57,1.43,6.61,2.64,0.88,0.22,0.0,1.43,0.11,0.22,0.77,0.0,0.0,0.44,0.33,0.0,20.37,7.27,7.71,0.22,0.11,0.33,0.0,0.0,0.0,4.74,0.0,0.0,175.0,1.75,0.18210197710718,54.0,0.54,0.05619146722164412,70.0,0.7,0.07284079084287201,217.0,2.17,0.22580645161290322,130.0,0.13527575442247658,0.24057084607543322,0.20489296636085627
20,20,Trump - Speech21 - Edited.txt,12/11/2017,2017-11-12,289,2458069.5,0.4050632911392405,553.0,224.0,201.0,15.414634146341465,2.0,8.0,23.0,0.0,38.0,41.0,2.0,24.0,3.0,34.0,6.0,59.0,30.0,0.0,0.0,9.0,51.0,29.0,0.0,16.0,56.0,9.0,55.0,0.0,0.0,26.0,1.0,35.0,23.0,8.0,10.0,27.0,26.0,4.0,5.0,2.0,0.0,0.0,1.0,1.0,1.0,0.0,0.0,1,525,23.13,53.81,32.56,65.47,12.8,17.52,92.19,62.48,21.14,9.71,4.19,2.48,0.38,1.71,0.95,11.43,4.57,13.71,11.62,7.05,7.62,2.1,22.48,3.62,1.71,1.71,1.14,1.14,6.86,4.38,2.29,0.19,0.38,0.0,8.95,0.0,0.19,0.38,1.33,17.33,5.71,1.71,2.48,2.67,2.1,4.57,1.9,0.38,0.76,0.76,0.38,0.0,0.38,0.0,0.0,11.81,3.24,1.9,2.29,3.43,1.33,5.14,16.95,0.57,8.0,0.19,5.33,2.86,2.29,0.19,0.0,0.0,0.0,0.0,0.57,0.0,0.0,0.57,0.0,0.0,19.05,7.81,7.24,0.0,0.38,0.0,0.0,0.0,0.38,3.24,0.0,0.0,96.0,0.96,0.1735985533453888,30.0,0.3,0.054249547920433995,56.0,0.56,0.10126582278481013,129.0,1.29,0.2332730560578662,65.0,0.11754068716094032,0.23919172932330826,0.19713345864661655
21,21,Trump - Speech22 - Edited.txt,10/01/2018,2018-01-10,348,2458128.5,0.314066852367688,1436.0,451.0,391.0,13.504065040650406,2.0,5.0,40.0,0.0,97.0,123.0,8.0,65.0,7.0,155.0,6.0,148.0,80.0,6.0,2.0,26.0,173.0,76.0,11.0,41.0,156.0,19.0,100.0,0.0,9.0,30.0,1.0,60.0,49.0,33.0,22.0,80.0,45.0,8.0,7.0,9.0,2.0,1.0,3.0,1.0,1.0,0.0,1.0,1,1356,32.36,70.24,35.71,90.38,11.02,14.82,90.12,60.77,19.1,10.1,3.32,3.54,1.7,0.44,1.11,9.0,7.45,12.09,11.8,6.27,7.23,2.51,20.72,4.28,1.99,1.33,0.59,3.17,7.45,5.68,1.77,0.0,0.15,0.29,10.03,0.0,0.0,0.29,0.22,13.5,2.43,1.18,2.21,3.24,1.62,4.13,2.51,0.74,1.18,0.29,0.44,0.0,0.15,0.0,0.15,11.65,3.69,2.06,3.32,2.14,1.33,4.79,13.5,1.77,11.58,1.47,6.86,3.24,2.58,0.15,0.07,0.44,0.07,0.07,0.81,0.0,0.0,0.44,0.37,0.0,21.31,8.48,7.15,0.37,0.22,0.59,0.0,0.07,0.15,4.13,0.0,0.15,301.0,3.01,0.2096100278551532,88.0,0.88,0.06128133704735376,103.0,1.03,0.07172701949860724,289.0,2.89,0.2012534818941504,175.0,0.12186629526462396,0.25572621934788464,0.21719213150094313
22,22,Trump - Speech23 - Edited.txt,23/02/2018,2018-02-23,392,2458172.5,0.2505116659844453,2443.0,612.0,530.0,14.946236559139784,6.0,11.0,125.0,0.0,149.0,186.0,7.0,109.0,15.0,221.0,5.0,225.0,148.0,10.0,3.0,53.0,236.0,137.0,11.0,95.0,279.0,19.0,177.0,0.0,11.0,85.0,4.0,147.0,47.0,59.0,43.0,147.0,87.0,19.0,12.0,16.0,2.0,1.0,4.0,5.0,5.0,0.0,1.0,1,2294,34.45,84.93,25.71,73.04,12.27,13.91,90.98,59.94,17.96,10.51,2.62,3.01,1.87,1.61,1.39,7.45,6.97,12.55,12.99,6.1,7.06,1.96,22.76,4.71,2.09,1.22,1.05,1.92,5.93,4.14,1.61,0.09,0.44,0.0,13.56,0.17,0.13,0.7,1.31,11.38,1.96,1.53,2.01,2.4,1.35,3.53,1.44,0.52,0.74,0.17,0.57,0.0,0.22,0.0,0.0,11.2,4.14,1.48,3.14,2.31,0.78,3.53,16.22,2.48,12.6,2.09,7.06,3.49,2.66,0.17,0.22,1.05,0.17,0.17,0.74,0.0,0.0,0.31,0.35,0.0,20.92,7.93,6.5,0.09,0.22,0.31,0.0,0.44,0.44,5.01,0.0,0.0,479.0,4.79,0.19607040523945968,161.0,1.61,0.0659025787965616,181.0,1.81,0.07408923454768727,530.0,5.3,0.21694637740483014,298.0,0.12198117069177242,0.2630992196209587,0.22826086956521738
23,23,Trump - Speech24 - Edited.txt,06/03/2018,2018-03-06,403,2458183.5,0.2396883593033913,2182.0,523.0,446.0,13.765027322404372,18.0,3.0,92.0,8.0,152.0,183.0,22.0,108.0,30.0,174.0,7.0,197.0,116.0,9.0,6.0,35.0,186.0,97.0,6.0,79.0,288.0,25.0,208.0,0.0,10.0,49.0,3.0,100.0,28.0,63.0,48.0,176.0,70.0,5.0,6.0,9.0,0.0,0.0,4.0,6.0,6.0,0.0,0.0,1,2040,20.76,80.17,47.91,85.67,11.15,14.22,91.03,60.44,19.22,12.4,3.73,5.29,1.27,0.15,1.96,6.81,5.49,11.52,12.89,6.96,8.09,2.21,22.84,4.66,2.16,0.88,2.01,3.14,6.18,4.71,1.27,0.05,0.29,0.44,12.3,0.0,0.15,0.0,0.15,13.04,2.84,1.47,1.52,1.96,1.57,4.46,2.11,1.13,0.54,0.29,0.05,0.0,0.0,0.0,0.0,12.06,6.23,1.52,2.45,1.96,1.03,3.73,15.88,2.3,11.32,1.86,7.06,2.55,3.38,0.0,0.49,1.37,0.1,0.1,0.83,0.0,0.0,0.15,0.69,0.0,24.56,8.82,7.45,0.1,0.25,0.15,0.0,1.62,0.59,5.2,0.0,0.39,368.0,3.68,0.1686526122823098,131.0,1.31,0.06003666361136572,212.0,2.12,0.09715857011915674,485.0,4.85,0.22227314390467462,313.0,0.14344637946837763,0.2679087696755541,0.23128814648249277
24,24,Trump - Speech25 - Edited.txt,24/04/2018,2018-04-24,452,2458232.5,0.2497796062297972,3403.0,850.0,731.0,14.659090909090908,9.0,7.0,136.0,7.0,200.0,264.0,5.0,149.0,34.0,275.0,5.0,363.0,221.0,4.0,7.0,88.0,336.0,259.0,16.0,109.0,375.0,49.0,224.0,0.0,15.0,97.0,5.0,177.0,76.0,69.0,82.0,180.0,92.0,14.0,27.0,10.0,0.0,9.0,1.0,13.0,13.0,0.0,0.0,1,3194,42.81,83.41,26.61,83.21,12.14,15.78,88.76,58.48,17.97,11.43,3.38,3.6,1.66,1.22,1.57,6.54,6.7,13.31,12.05,4.79,6.92,1.75,20.57,4.16,1.78,1.35,1.38,1.94,6.54,4.82,1.6,0.38,0.69,0.09,12.87,0.13,0.19,0.0,1.6,11.49,1.94,1.22,2.54,1.82,1.85,3.29,1.75,0.44,1.03,0.13,0.56,0.16,0.31,0.0,0.03,11.83,4.54,1.47,4.07,1.78,0.85,4.1,12.52,2.32,12.4,1.6,6.54,4.26,3.1,0.19,0.34,0.91,0.06,0.28,0.69,0.0,0.0,0.34,0.34,0.0,20.44,7.92,6.26,0.09,0.06,0.53,0.0,0.34,0.81,4.07,0.0,0.34,720.0,7.2,0.2115780193946518,232.0,2.32,0.06817513958272113,225.0,2.25,0.06611813106082869,676.0,6.76,0.1986482515427564,424.0,0.12459594475462826,0.26822157434402333,0.2294460641399417
25,25,Trump - Speech26 - Edited.txt,27/04/2018,2018-04-27,455,2458235.5,0.2297979797979798,2376.0,546.0,461.0,15.162011173184355,10.0,15.0,100.0,15.0,159.0,177.0,40.0,87.0,36.0,218.0,7.0,210.0,131.0,14.0,5.0,59.0,212.0,107.0,9.0,85.0,324.0,9.0,140.0,2.0,10.0,70.0,4.0,123.0,75.0,76.0,45.0,150.0,70.0,16.0,14.0,9.0,0.0,5.0,1.0,0.0,0.0,0.0,0.0,1,2205,31.7,80.04,30.34,90.69,12.32,14.51,90.93,59.68,20.82,12.2,4.63,3.54,1.68,1.27,1.09,8.62,7.62,11.43,12.79,5.26,6.21,1.59,23.36,4.81,2.45,1.18,2.22,3.04,5.9,4.9,0.95,0.09,0.27,0.09,13.11,0.09,0.0,0.05,1.59,12.52,2.63,1.18,1.95,2.95,1.09,3.67,1.68,0.41,1.0,0.27,0.54,0.14,0.23,0.0,0.0,10.29,4.35,0.82,3.13,2.0,0.27,5.17,15.19,2.45,10.2,1.95,5.53,2.86,3.17,0.14,0.05,1.32,0.0,0.05,0.54,0.0,0.0,0.41,0.14,0.0,25.71,7.71,7.44,0.0,0.32,0.63,0.0,3.04,0.0,5.58,0.0,1.0,413.0,4.13,0.17382154882154882,150.0,1.5,0.06313131313131314,143.0,1.43,0.06018518518518518,539.0,5.39,0.22685185185185186,333.0,0.14015151515151514,0.24646572419311816,0.20672179247799413
26,26,Trump - Speech27 - Edited.txt,30/04/2018,2018-04-30,458,2458238.5,0.2575934579439252,1712.0,441.0,377.0,11.951219512195122,10.0,6.0,70.0,4.0,81.0,163.0,19.0,81.0,16.0,159.0,7.0,151.0,91.0,8.0,4.0,40.0,162.0,72.0,3.0,61.0,216.0,13.0,141.0,0.0,7.0,45.0,6.0,93.0,33.0,45.0,26.0,108.0,66.0,11.0,15.0,6.0,0.0,2.0,2.0,2.0,1.0,0.0,0.0,1,1595,23.16,79.77,46.26,94.93,9.67,17.87,92.41,60.69,19.44,11.03,3.07,4.45,2.01,0.31,1.19,8.4,6.9,11.29,12.73,6.33,7.96,2.95,22.63,3.64,1.82,1.5,1.19,3.01,6.14,5.27,0.69,0.06,0.25,0.0,11.6,0.0,0.06,0.0,0.31,13.67,3.39,1.44,2.13,3.32,1.63,3.7,1.82,1.19,0.63,0.0,0.13,0.0,0.06,0.0,0.0,12.6,4.83,2.01,3.95,2.07,0.56,3.32,16.43,2.13,12.73,1.63,8.46,2.82,2.76,0.25,0.13,1.07,0.06,0.0,1.0,0.0,0.0,0.38,0.63,0.0,24.95,10.34,5.08,0.13,0.0,0.69,0.0,2.01,0.19,5.83,0.0,0.69,298.0,2.98,0.17406542056074767,103.0,1.03,0.06016355140186916,143.0,1.43,0.08352803738317757,371.0,3.71,0.2167056074766355,229.0,0.13376168224299065,0.2639578163771712,0.22766749379652607
27,27,Trump - Speech28 - Edited.txt,01/06/2018,2018-06-01,490,2458270.5,0.1871803614047051,2933.0,549.0,447.0,11.63230240549828,16.0,12.0,137.0,4.0,159.0,291.0,44.0,108.0,41.0,237.0,3.0,241.0,152.0,2.0,5.0,78.0,229.0,115.0,5.0,94.0,427.0,21.0,225.0,1.0,20.0,94.0,6.0,190.0,77.0,98.0,45.0,229.0,99.0,8.0,17.0,20.0,0.0,0.0,0.0,0.0,0.0,0.0,0.0,1,2706,19.92,83.36,54.59,85.32,9.3,12.49,92.68,61.49,20.99,13.3,4.55,4.58,2.37,0.41,1.4,7.69,6.25,11.9,14.19,6.5,6.47,2.77,27.24,3.25,1.07,1.4,1.63,1.7,5.28,4.32,0.92,0.18,0.3,0.22,14.23,0.07,0.18,0.0,0.55,14.08,2.85,1.55,2.33,2.48,1.44,4.18,2.25,1.59,0.63,0.04,0.22,0.0,0.0,0.0,0.0,11.09,5.62,1.18,2.62,2.4,0.37,4.62,18.11,3.4,12.86,2.7,6.06,4.25,2.88,0.07,0.15,1.07,0.0,0.18,1.0,0.0,0.0,0.33,0.63,0.0,26.94,9.9,5.91,0.07,0.15,0.85,0.0,2.99,0.0,6.76,0.0,0.3,443.0,4.43,0.1510398908966928,159.0,1.59,0.05421070576201841,226.0,2.26,0.07705421070576202,738.0,7.38,0.2516195022161609,448.0,0.15274463007159905,0.2635958395245171,0.224962852897474
28,28,Trump - Speech29 - Edited.txt,16/07/2018,2018-07-16,535,2458315.5,0.3000838222967309,2386.0,716.0,591.0,12.734597156398104,7.0,9.0,88.0,0.0,89.0,211.0,1.0,82.0,28.0,236.0,10.0,256.0,143.0,5.0,5.0,42.0,278.0,163.0,15.0,94.0,223.0,34.0,173.0,4.0,7.0,79.0,1.0,124.0,90.0,50.0,44.0,110.0,47.0,7.0,12.0,19.0,2.0,0.0,3.0,0.0,0.0,0.0,0.0,1,2374,49.56,79.66,42.87,87.72,11.15,18.11,89.55,57.29,16.81,10.15,3.92,3.83,1.1,0.38,0.93,6.66,7.03,13.06,11.2,6.19,5.52,1.47,19.67,3.62,1.81,1.39,1.6,2.78,6.99,5.31,1.68,0.38,0.55,0.13,11.5,0.04,0.0,0.08,0.42,11.67,2.95,1.26,1.64,2.36,1.94,2.74,1.9,0.67,0.88,0.29,0.04,0.0,0.04,0.0,0.0,12.97,4.89,2.74,4.3,2.02,0.8,5.05,13.14,1.64,12.34,1.43,6.91,4.17,3.75,0.08,0.04,0.17,0.04,0.08,0.55,0.0,0.0,0.17,0.38,0.0,15.5,8.59,3.83,0.04,0.0,0.38,0.0,0.17,0.04,2.44,0.0,0.0,550.0,5.5,0.23051131601005867,153.0,1.53,0.06412405699916178,180.0,1.8,0.07544006705783739,465.0,4.65,0.19488683989941324,257.0,0.1077116512992456,0.27754415475189237,0.23507148864592095
